ManagerID,AttritionRisk,EmployeeEngagement,EmployeeSatisfaction,StressScore,ManagerName,ManagerCode,and,collaboration,colleagues,comments,committed,communication,completing,contributes,creative,demonstrates,employee,enthusiasm,excellent,great,his,improve,in,job,lack,meets,minimum,needs,no,normally,of,on,outstanding,performance,performs,poor,projects,punctuality,recent,required,requirements,significantly,skills,tasks,team,the,to,who,with,work,LeaderScore,LeaderQuality
0_3_2,0.026466342590030223,2.909090909090909,2.8181818181818183,2.4545454545454546,Youssef Tarek,M117,0.0,0.0,0.0,0.0,0.0,0.0,0.0,0.0,0.0,0.0,0.0,0.0,0.0,0.0,0.0,0.0,0.0,0.0,0.0,0.0,0.0,0.0,0.0,0.0,0.0,0.0,0.0,0.0,0.0,0.0,0.0,0.0,0.0,0.0,0.0,0.0,0.0,0.0,0.0,0.0,0.0,0.0,0.0,0.0,1.6366861902367154,Good
1_0_2,0.03040223919580954,2.6666666666666665,3.0370370370370368,2.7777777777777777,Youssef Tarek,M114,0.0,0.48145071742765144,0.48145071742765144,0.0,0.0,0.0,0.0,0.0,0.0,0.0,0.0,0.0,0.0,0.0,0.0,0.0,0.0,0.0,0.39026633217919227,0.0,0.0,0.0,0.0,0.0,0.39026633217919227,0.0,0.0,0.0,0.0,0.0,0.0,0.0,0.0,0.0,0.0,0.0,0.0,0.0,0.0,0.0,0.0,0.0,0.48145071742765144,0.0,1.6174687339513059,Good
1_5_2,0.04048188262742359,2.8076923076923075,2.7435897435897436,2.423076923076923,Mohamed Ali,M112,0.0,0.0,0.0,0.0,0.0,0.0,0.0,0.32930715138393396,0.0,0.0,0.0,0.0,0.0,0.0,0.0,0.0,0.0,0.0,0.0,0.39981158659242305,0.39981158659242305,0.0,0.0,0.0,0.0,0.0,0.0,0.0,0.0,0.0,0.0,0.0,0.0,0.0,0.39981158659242305,0.32930715138393396,0.0,0.0,0.32930715138393396,0.32930715138393396,0.29441346074686087,0.0,0.0,0.0,1.597140580282364,Good
1_3_2,0.03140806035913403,2.739130434782609,2.7971014492753623,2.5,Omar Khaled,M110,0.0,0.0,0.0,0.0,0.0,0.0,0.3605425056517148,0.0,0.3605425056517148,0.0,0.0,0.0,0.0,0.0,0.0,0.0,0.3605425056517148,0.0,0.3829658819100569,0.0,0.0,0.0,0.0,0.0,0.3829658819100569,0.0,0.0,0.0,0.0,0.0,0.0,0.47244454208069303,0.0,0.0,0.0,0.0,0.0,0.3057739787801092,0.0,0.0,0.0,0.0,0.0,0.0,1.5946831526679408,Good
2_3_2,0.030500666300715174,2.787878787878788,2.7070707070707067,2.3636363636363638,Ahmed Hassan,M107,0.0,0.0,0.0,0.0,0.0,0.32258706618274857,0.0,0.2847941599149583,0.0,0.0,0.0,0.0,0.0,0.0,0.0,0.32258706618274857,0.0,0.0,0.0,0.0,0.0,0.32258706618274857,0.0,0.0,0.0,0.0,0.0,0.0,0.0,0.0,0.0,0.0,0.0,0.0,0.0,0.2847941599149583,0.32258706618274857,0.0,0.2847941599149583,0.2847941599149583,0.5092342141291772,0.0,0.0,0.0,1.5922441779241585,Good
1_3_1,0.14127421695805362,3.0,2.5833333333333335,2.375,Ahmed Hassan,M118,0.0,0.0,0.0,0.0,0.0,0.0,0.0,0.0,0.0,0.0,0.0,0.0,0.0,0.0,0.0,0.0,0.0,0.0,0.0,0.0,0.0,0.0,0.0,0.0,0.0,0.0,0.0,0.0,0.0,0.0,0.0,0.0,0.0,0.0,0.0,0.0,0.0,0.0,0.0,0.0,0.0,0.0,0.0,0.0,1.5651569798834455,Good
1_4_2,0.05124228090160334,2.6,2.8666666666666663,2.8,Omar Khaled,M120,0.0,0.0,0.0,0.0,0.0,0.0,0.0,0.0,0.0,0.0,0.0,0.0,0.0,0.0,0.0,0.0,0.0,0.0,0.0,0.0,0.0,0.0,0.0,0.0,0.0,0.0,0.0,0.0,0.0,0.0,0.0,0.0,0.0,0.0,0.0,0.0,0.0,0.0,0.0,0.0,0.0,0.0,0.0,0.0,1.560836420972692,Good
1_2_1,0.13903834515186161,2.805084745762712,2.694915254237288,2.305084745762712,Ahmed Hassan,M106,0.16542479505711938,0.0,0.0,0.0,0.0,0.0,0.13625309984841608,0.13625309984841608,0.13625309984841608,0.0,0.0,0.0,0.16542479505711938,0.0,0.4087592995452482,0.0,0.13625309984841608,0.4087592995452482,0.14472714791868124,0.0,0.0,0.0,0.0,0.4087592995452482,0.14472714791868124,0.0,0.15433423126208234,0.16542479505711938,0.3654467857312696,0.0,0.0,0.17854214789072181,0.0,0.0,0.0,0.13625309984841608,0.0,0.1155554527099779,0.13625309984841608,0.13625309984841608,0.12181559524375653,0.0,0.0,0.16542479505711938,1.552181272108747,Good
0_1_0,0.20090860544679906,2.878787878787879,2.737373737373737,2.303030303030303,Mona Hany,M116,0.0,0.0,0.0,0.0,0.0,0.0,0.0,0.0,0.0,0.0,0.0,0.0,0.0,0.0,0.0,0.0,0.0,0.0,0.0,0.0,0.0,0.0,0.0,0.0,0.0,0.0,0.0,0.0,0.0,0.0,0.0,0.0,0.0,0.0,0.0,0.0,0.0,0.0,0.0,0.0,0.0,0.0,0.0,0.0,1.5507476689323916,Good
1_4_1,0.13752443070884146,2.7333333333333334,2.7679012345679013,2.4814814814814814,Aya Khaled,M104,0.1381799720082558,0.0,0.0,0.3250944039985253,0.0,0.12891598111605104,0.22762548403449795,0.0,0.22762548403449795,0.0,0.0,0.0,0.1381799720082558,0.0,0.11381274201724897,0.12891598111605104,0.22762548403449795,0.11381274201724897,0.0,0.1381799720082558,0.1381799720082558,0.12891598111605104,0.3250944039985253,0.11381274201724897,0.0,0.17983602681683977,0.3867479433481531,0.2763599440165116,0.10175303850392695,0.17983602681683977,0.17983602681683977,0.0,0.17983602681683977,0.0,0.1381799720082558,0.0,0.12891598111605104,0.19304783439934364,0.0,0.0,0.10175303850392695,0.0,0.0,0.1381799720082558,1.5459778820374512,Not Good
2_7_2,0.06415122594605756,2.75,2.666666666666667,2.9285714285714284,Mostafa Adel,M115,0.0,0.0,0.0,0.0,0.0,0.0,0.0,0.0,0.0,0.0,0.0,0.0,0.0,0.0,0.0,0.0,0.0,0.0,0.0,0.0,0.0,0.0,0.0,0.0,0.0,0.0,0.0,0.0,0.5495332008821352,0.0,0.0,0.0,0.0,0.6528915504714202,0.0,0.0,0.0,0.5212925133274595,0.0,0.0,0.0,0.0,0.0,0.0,1.5405299858120534,Not Good
1_6_1,0.1403733811267746,2.7758620689655173,2.695402298850575,2.603448275862069,Nour Magdy,M101,0.0,0.0,0.0,0.0,0.0,0.0,0.0,0.38318700877780865,0.0,0.0,0.0,0.0,0.0,0.0,0.19159350438890432,0.0,0.0,0.19159350438890432,0.0,0.0,0.0,0.0,0.0,0.19159350438890432,0.0,0.0,0.0,0.0,0.3425841585686753,0.0,0.0,0.0,0.0,0.20350936221487959,0.0,0.38318700877780865,0.0,0.1624893243572568,0.38318700877780865,0.38318700877780865,0.3425841585686753,0.0,0.0,0.0,1.5339655900780258,Not Good
2_7_1,0.15752823524280718,2.7596153846153846,2.7115384615384617,2.46474358974359,Mona Hany,M100,0.1489010264149197,0.0,0.0,0.1751588516541125,0.07445051320745985,0.13891826456817868,0.06132160058786346,0.24528640235145385,0.06132160058786346,0.07445051320745985,0.07445051320745985,0.07445051320745985,0.1489010264149197,0.07445051320745985,0.12264320117572693,0.13891826456817868,0.06132160058786346,0.12264320117572693,0.0,0.22335153962237952,0.22335153962237952,0.13891826456817868,0.1751588516541125,0.12264320117572693,0.0,0.09689453757382649,0.27783652913635737,0.22335153962237952,0.16447172105194452,0.09689453757382649,0.09689453757382649,0.0,0.09689453757382649,0.06513540146068961,0.22335153962237952,0.24528640235145385,0.13891826456817868,0.10401297768218642,0.24528640235145385,0.24528640235145385,0.32894344210388904,0.07445051320745985,0.0,0.1489010264149197,1.5326297315439028,Not Good
1_0_1,0.14306602089403694,2.721311475409836,2.7295081967213113,2.5655737704918034,Mona Hany,M105,0.0,0.0,0.0,0.2164160732577574,0.18397343403689723,0.17163931504298383,0.1515307948160371,0.0,0.1515307948160371,0.18397343403689723,0.18397343403689723,0.18397343403689723,0.0,0.18397343403689723,0.1515307948160371,0.17163931504298383,0.1515307948160371,0.1515307948160371,0.3219100303769108,0.0,0.0,0.17163931504298383,0.2164160732577574,0.1515307948160371,0.3219100303769108,0.0,0.17163931504298383,0.0,0.13547445150833884,0.0,0.0,0.3971232009861393,0.0,0.0,0.0,0.0,0.17163931504298383,0.12851237596759524,0.0,0.0,0.13547445150833884,0.18397343403689723,0.0,0.0,1.5303145752489427,Not Good
0_1_1,0.13376108952642274,2.710526315789474,2.649122807017544,2.3684210526315788,Nour Magdy,M113,0.0,0.0,0.0,0.0,0.0,0.0,0.0,0.45646847101070664,0.0,0.0,0.0,0.0,0.0,0.0,0.0,0.0,0.0,0.0,0.0,0.0,0.0,0.0,0.0,0.0,0.0,0.0,0.0,0.0,0.0,0.0,0.0,0.0,0.0,0.0,0.0,0.45646847101070664,0.0,0.0,0.45646847101070664,0.45646847101070664,0.40810064921853634,0.0,0.0,0.0,1.5236885466455716,Not Good
1_5_1,0.1097167743746275,2.8392857142857144,2.416666666666667,2.4285714285714284,Nour Magdy,M109,0.0,0.22739572325160715,0.22739572325160715,0.0,0.0,0.0,0.3470706782834005,0.0,0.3470706782834005,0.0,0.0,0.0,0.0,0.0,0.17353533914170025,0.0,0.3470706782834005,0.17353533914170025,0.1843280976727909,0.0,0.0,0.0,0.0,0.17353533914170025,0.1843280976727909,0.0,0.0,0.0,0.3102947478903779,0.0,0.0,0.0,0.0,0.1843280976727909,0.0,0.0,0.0,0.44152290182039117,0.0,0.0,0.0,0.0,0.22739572325160715,0.0,1.5101609092977681,Not Good
2_8_0,0.23297313474264691,2.8026315789473686,2.6842105263157894,2.3684210526315788,Ahmed Hassan,M108,0.3829389877165918,0.0,0.0,0.0,0.1914694938582959,0.0,0.0,0.0,0.0,0.1914694938582959,0.1914694938582959,0.1914694938582959,0.3829389877165918,0.1914694938582959,0.0,0.0,0.0,0.0,0.0,0.0,0.0,0.0,0.0,0.0,0.0,0.0,0.3572656340248957,0.3829389877165918,0.14099440387588563,0.0,0.0,0.0,0.0,0.16751318174507254,0.0,0.0,0.0,0.13374865621145896,0.0,0.0,0.0,0.1914694938582959,0.0,0.3829389877165918,1.50944232505031,Not Good
1_6_0,0.23222896307149857,2.7286324786324787,2.745014245014245,2.6666666666666665,Aya Khaled,M103,0.08193775265032574,0.08843500363096408,0.08843500363096408,0.0,0.24581325795097722,0.22933321565725773,0.06748850914014884,0.13497701828029768,0.06748850914014884,0.24581325795097722,0.24581325795097722,0.24581325795097722,0.08193775265032574,0.24581325795097722,0.13497701828029768,0.22933321565725773,0.06748850914014884,0.13497701828029768,0.0716858512283685,0.08193775265032574,0.08193775265032574,0.22933321565725773,0.0,0.13497701828029768,0.0716858512283685,0.0,0.07644440521908591,0.08193775265032574,0.24134945692001458,0.0,0.0,0.0,0.0,0.143371702456737,0.08193775265032574,0.13497701828029768,0.22933321565725773,0.1717098231545748,0.13497701828029768,0.13497701828029768,0.3016868211500182,0.24581325795097722,0.08843500363096408,0.08193775265032574,1.4951710928340787,Not Good
1_2_0,0.22963613126518115,2.6775,2.7,2.585,Nour Magdy,M102,0.0,0.22429280890046885,0.22429280890046885,0.0,0.06927139685406432,0.1938817172763825,0.22822316446424099,0.17116737334818077,0.22822316446424099,0.06927139685406432,0.06927139685406432,0.06927139685406432,0.0,0.06927139685406432,0.11411158223212049,0.1938817172763825,0.22822316446424099,0.11411158223212049,0.24241714660901123,0.0,0.0,0.1938817172763825,0.0,0.11411158223212049,0.24241714660901123,0.0,0.0,0.0,0.20404042666592181,0.0,0.0,0.07476426963348962,0.0,0.12120857330450562,0.0,0.17116737334818077,0.1938817172763825,0.29033208548549244,0.17116737334818077,0.17116737334818077,0.3060606399988827,0.06927139685406432,0.22429280890046885,0.0,1.4802455474939278,Not Good
2_8_1,0.1592323271786667,2.4285714285714284,2.761904761904762,2.7142857142857144,Youssef Tarek,M111,0.0,0.0,0.0,0.0,0.0,0.0,0.0,0.0,0.0,0.0,0.0,0.0,0.0,0.0,0.0,0.0,0.0,0.0,0.0,0.5773502691896258,0.5773502691896258,0.0,0.0,0.0,0.0,0.0,0.0,0.0,0.0,0.0,0.0,0.0,0.0,0.0,0.5773502691896258,0.0,0.0,0.0,0.0,0.0,0.0,0.0,0.0,0.0,1.4658308786523429,Not Good
2_3_1,0.20081788620900937,2.25,3.0,3.75,Sara Ahmed,M119,0.0,0.0,0.0,0.0,0.0,0.0,0.0,0.0,0.0,0.0,0.0,0.0,0.0,0.0,0.0,0.0,0.0,0.0,0.0,0.0,0.0,0.0,0.0,0.0,0.0,0.0,0.0,0.0,0.0,0.0,0.0,0.0,0.0,0.0,0.0,0.0,0.0,0.0,0.0,0.0,0.0,0.0,0.0,0.0,1.4196728455163965,Not Good
